{
  "fpcStiffeners": [
    {
      "id": "e368",
      "gerber": "Gerber_BottomStiffenerLayer_fr4b_0.4.GBSL",
      "layer": "bottom",
      "material": "fr4",
      "thickness": "0.4",
      "path": [
        [
          [
            -3490.5853,
            -173.366,
            "L",
            3385.1665,
            -173.366,
            3385.1665,
            -458.9413,
            "ARC",
            -16.4719,
            3385.0824,
            -459.5224,
            "ARC",
            -89.2427,
            3347.2331,
            -496.8747,
            "L",
            -3454.8964,
            -496.8747,
            "ARC",
            -90,
            -3490.5853,
            -461.1858,
            "L",
            -3490.5853,
            -173.366
          ]
        ]
      ]
    },
    {
      "id": "e375",
      "gerber": "Gerber_BottomStiffenerLayer_fr4b_0.4.GBSL",
      "layer": "bottom",
      "material": "fr4",
      "thickness": "0.4",
      "path": [
        [
          [
            -3486.4207,
            -40.8556,
            "ARC",
            -90,
            -3488.3892,
            -38.8871,
            "L",
            -3488.3892,
            -38.8871,
            -3488.3892,
            295.6968,
            -3488.3892,
            295.6968,
            "ARC",
            -90,
            -3452.1175,
            331.9685,
            "L",
            -3452.1175,
            331.9685,
            -3451.367,
            331.9685,
            -3451.367,
            331.9685,
            -2842.595,
            331.9685,
            -2842.595,
            331.9685,
            "ARC",
            -90,
            -2808.0315,
            297.405,
            "L",
            -2808.0315,
            297.405,
            -2808.0315,
            296.627,
            -2808.0315,
            -38.8871,
            -2808.0315,
            -38.8871,
            "ARC",
            -90,
            -2810,
            -40.8556,
            "L",
            -3486.4207,
            -40.8556
          ]
        ]
      ]
    },
    {
      "id": "e380",
      "gerber": "Gerber_BottomStiffenerLayer_fr4b_0.4.GBSL",
      "layer": "bottom",
      "material": "fr4",
      "thickness": "0.4",
      "path": [
        [
          [
            -1900.1127,
            -41.4121,
            "L",
            -2568.2103,
            -41.4121,
            "ARC",
            -90,
            -2570.1789,
            -39.4435,
            "L",
            -2570.1789,
            295.1404,
            "ARC",
            -90,
            -2533.9072,
            331.4121,
            "L",
            -1936.6104,
            331.4121,
            "ARC",
            -87.4184,
            -1900,
            296.6554,
            "L",
            -1900.1127,
            -41.4121
          ]
        ]
      ]
    },
    {
      "id": "e381",
      "gerber": "Gerber_BottomStiffenerLayer_fr4b_0.4.GBSL",
      "layer": "bottom",
      "material": "fr4",
      "thickness": "0.4",
      "path": [
        [
          [
            -990.0233,
            -41.4122,
            "L",
            -1658.1209,
            -41.4122,
            "ARC",
            -90,
            -1660.0894,
            -39.4437,
            "L",
            -1660.0894,
            295.1402,
            "ARC",
            -90,
            -1623.8177,
            331.4119,
            "L",
            -1026.521,
            331.4119,
            "ARC",
            -87.4184,
            -989.9106,
            296.6553,
            "L",
            -990.0233,
            -41.4122
          ]
        ]
      ]
    },
    {
      "id": "e382",
      "gerber": "Gerber_BottomStiffenerLayer_fr4b_0.4.GBSL",
      "layer": "bottom",
      "material": "fr4",
      "thickness": "0.4",
      "path": [
        [
          [
            -85.0233,
            -41.4122,
            "L",
            -753.1209,
            -41.4122,
            "ARC",
            -90,
            -755.0894,
            -39.4437,
            "L",
            -755.0894,
            295.1402,
            "ARC",
            -90,
            -718.8177,
            331.4119,
            "L",
            -121.521,
            331.4119,
            "ARC",
            -87.4184,
            -84.9106,
            296.6553,
            "L",
            -85.0233,
            -41.4122
          ]
        ]
      ]
    },
    {
      "id": "e383",
      "gerber": "Gerber_BottomStiffenerLayer_fr4b_0.4.GBSL",
      "layer": "bottom",
      "material": "fr4",
      "thickness": "0.4",
      "path": [
        [
          [
            824.9767,
            -41.4122,
            "L",
            156.8791,
            -41.4122,
            "ARC",
            -90,
            154.9106,
            -39.4437,
            "L",
            154.9106,
            295.1402,
            "ARC",
            -90,
            191.1823,
            331.4119,
            "L",
            788.479,
            331.4119,
            "ARC",
            -87.4184,
            825.0894,
            296.6553,
            "L",
            824.9767,
            -41.4122
          ]
        ]
      ]
    },
    {
      "id": "e384",
      "gerber": "Gerber_BottomStiffenerLayer_fr4b_0.4.GBSL",
      "layer": "bottom",
      "material": "fr4",
      "thickness": "0.4",
      "path": [
        [
          [
            1729.9767,
            -41.4122,
            "L",
            1061.8791,
            -41.4122,
            "ARC",
            -90,
            1059.9106,
            -39.4437,
            "L",
            1059.9106,
            295.1402,
            "ARC",
            -90,
            1096.1823,
            331.4119,
            "L",
            1693.479,
            331.4119,
            "ARC",
            -87.4184,
            1730.0894,
            296.6553,
            "L",
            1729.9767,
            -41.4122
          ]
        ]
      ]
    },
    {
      "id": "e385",
      "gerber": "Gerber_BottomStiffenerLayer_fr4b_0.4.GBSL",
      "layer": "bottom",
      "material": "fr4",
      "thickness": "0.4",
      "path": [
        [
          [
            2639.9767,
            -41.4122,
            "L",
            1971.8791,
            -41.4122,
            "ARC",
            -90,
            1969.9106,
            -39.4437,
            "L",
            1969.9106,
            295.1402,
            "ARC",
            -90,
            2006.1823,
            331.4119,
            "L",
            2603.479,
            331.4119,
            "ARC",
            -87.4184,
            2640.0894,
            296.6553,
            "L",
            2639.9767,
            -41.4122
          ]
        ]
      ]
    },
    {
      "id": "e387",
      "gerber": "Gerber_BottomStiffenerLayer_fr4b_0.4.GBSL",
      "layer": "bottom",
      "material": "fr4",
      "thickness": "0.4",
      "path": [
        [
          [
            3383.198,
            -38.8607,
            "L",
            2875.325,
            -38.8607,
            2875.325,
            297.1459,
            "ARC",
            -90,
            2909.8855,
            331.7064,
            "L",
            3345.3769,
            331.7064,
            "ARC",
            90,
            3345.515,
            331.8445,
            "L",
            3350.1825,
            331.8445,
            "ARC",
            -90,
            3382.8913,
            299.1357,
            "L",
            3382.8913,
            -38.554,
            "ARC",
            90,
            3383.198,
            -38.8607
          ]
        ]
      ]
    }
  ]
}